{"train/loss": 0.2138, "train/grad_norm": 0.85546875, "train/learning_rate": 1.668062707155249e-09, "train/epoch": 1.9984321923177424, "train/global_step": 1912, "_timestamp": 1719102116.7845774, "_runtime": 31583.875452280045, "_step": 384, "eval/loss": 0.21201224625110626, "eval/runtime": 513.133, "eval/samples_per_second": 1.66, "eval/steps_per_second": 0.83, "train_runtime": 31584.883, "train_samples_per_second": 0.485, "train_steps_per_second": 0.061, "total_flos": 1.340556587411964e+18, "train_loss": 0.27504792985619364}